"username","date","retweets","favorites","text","geo","mentions","hashtags","id","permalink","emoji"
"kilkeal","2019-09-28 18:08","0","0","Salesman of the year goes to the Man who sold global warming to everybody https://twitter.com/Piers_Corbyn/status/1177086667368386560 …","","","","1177993528510701569","https://twitter.com/kilkeal/status/1177993528510701569",""
"FrankPentangel1","2019-09-28 14:41","0","0","Are you paddling your own canoe to Santiago Mick. Or will you use your special status as an MEP to contribute to “global warming” by filling the sky with jet fuel burn off? Ask Clare to tell you the difference. I think she’s in Harrods. She does so love the huge MEP salary. Ciao!","","","","1177941415197843456","https://twitter.com/FrankPentangel1/status/1177941415197843456",""
"bucks777","2019-09-28 09:46","0","5","Sad to see how global warming affects these beautiful places, the decline of the glaciers above the Chamonix valley 😢 If anyone wants to see a devastating consequence of global warming then visit the Mer de Glace glacier in Cham. https://twitter.com/JonFielden/status/1177838218387042304 …","","","","1177867088913940480","https://twitter.com/bucks777/status/1177867088913940480","😢"
"LynnMoo01068579","2019-09-27 15:00","0","3","Fucking global warming I was lovely and toastie in my trackie this morning in the cold and the rain and I’m here sweating my bollox off in it now AND I’ve to get on a sweat infested bus now","","","","1177583829453852676","https://twitter.com/LynnMoo01068579/status/1177583829453852676",""
"stpatscavangsc","2019-09-26 20:01","0","0","Links:    https://act.globalclimatestrike.net/event/globalclimatestrike_attend/24715 …  https://www.facebook.com/events/2281591315302172/?ti=cl …    Hashtags:    #fridaysforfuture #GreenSchools #ireland #school #environment #eco #climatechange #recycle #earth #climateaction #savetheplanet #cavan #climateaction #climatestrike #pollution #noplanetb #globalwarming","","","#fridaysforfuture #GreenSchools #ireland #school #environment #eco #climatechange #recycle #earth #climateaction #savetheplanet #cavan #climateaction #climatestrike #pollution #noplanetb #globalwarming","1177297223111061505","https://twitter.com/stpatscavangsc/status/1177297223111061505",""
"eoin88","2019-09-26 12:06","1","17","Is there a way to block that fucking global warming child from coming up on my feed?!","","","","1177177532107563010","https://twitter.com/eoin88/status/1177177532107563010",""
"MariuPaz7","2019-09-23 21:37","0","0","... Nature is striking back with fury... #GlobalWarming #ClimateActionSummit #ClimateEmergencyhttps://twitter.com/UN/status/1176155114719064066 …","","","#GlobalWarming #ClimateActionSummit #ClimateEmergencyhttps","1176234277018710017","https://twitter.com/MariuPaz7/status/1176234277018710017",""
"MariuPaz7","2019-09-23 21:06","0","2","Bravo Greta!!!!! 👏👏👏👏 #ClimateAction .... We, as adults; should all be ashamed of ourselves. A child was giving us a lecture on how we've been so destructive and selfish... #GlobalWarming https://twitter.com/dwnews/status/1176156267687141376 …","","","#ClimateAction #GlobalWarming","1176226411209797636","https://twitter.com/MariuPaz7/status/1176226411209797636","👏 👏 👏 👏"
"LTovander","2019-09-23 10:22","0","0","Majority of Irish Voters Oppose Doubling Of Carbon Tax, Poll Reveals - The Global Warming Policy Forum (GWPF) https://www.thegwpf.com/majority-of-irish-voters-oppose-doubling-of-carbon-tax-poll-reveals/ …","","","","1176064334021189634","https://twitter.com/LTovander/status/1176064334021189634",""
"LTovander","2019-09-23 10:20","0","0","St. Greta Spreads the Climate Gospel - The Global Warming Policy Forum (GWPF) https://www.thegwpf.com/st-greta-spreads-the-climate-gospel/ …","","","","1176063848786399233","https://twitter.com/LTovander/status/1176063848786399233",""
"myrajago","2019-09-21 21:10","0","1","UN Building, NYC.  Artist: Joseph Michael. https://www.artforum.com/news/joseph-michael-s-light-installation-will-illuminate-un-building-ahead-of-climate-action-summit-80796 … #earthwatch #globalwarming #noplanetB #Josephmichael #climateactionpic.twitter.com/0ARHRQUNgy","","","#earthwatch #globalwarming #noplanetB #Josephmichael #climateactionpic","1175502664853000193","https://twitter.com/myrajago/status/1175502664853000193",""
"AhmadAlmulla0","2019-09-21 15:57","0","0","everyone needs to listen to this 👇 #GlobalClimateStrike #globalwarming #ClimateChange #ClimateStrikehttps://twitter.com/nowthisnews/status/1175421423382196224 …","","","#GlobalClimateStrike #globalwarming #ClimateChange #ClimateStrikehttps","1175423721626046466","https://twitter.com/AhmadAlmulla0/status/1175423721626046466","👇"
"AhmadAlmulla0","2019-09-21 13:22","0","0","as opposed to global warming 😂 pic.twitter.com/rqXeQIAPBl","","","","1175384807330762753","https://twitter.com/AhmadAlmulla0/status/1175384807330762753","😂"
"callmejustsean","2019-09-21 06:27","4","18","I think we need to seperate the environment from climate,   The world has environmental issues such as plastic and the like , there are very viable alternatives,   But globalwarming thats a myth, people have been so blinded by the agenda,    ""tell a lie enough times its becomestruth","","","","1175280356678914048","https://twitter.com/callmejustsean/status/1175280356678914048",""
"tomlonglfc","2019-09-20 23:45","0","1","They got a lovely day for it...isn't that because of global warming?! 🤔🤔🤔 https://twitter.com/boucherhayes/status/1175014982326587392 …","","","","1175179181635883008","https://twitter.com/tomlonglfc/status/1175179181635883008","🤔 🙃 ☀️"
"GreyhoundRobert","2019-09-20 21:25","5","27","Today I took to the streets with my mom to protest against the Climate crisis. Governments need to step up and work towards saving our planet. We all live here, we all need to do our part! #climatestrike #protestingdog #earth #climate #globalwarming #twitterhoundspic.twitter.com/ERxn5yOZQr","","","#climatestrike #protestingdog #earth #climate #globalwarming #twitterhoundspic","1175144088934522880","https://twitter.com/GreyhoundRobert/status/1175144088934522880",""
"aileenos1990","2019-09-20 17:47","0","0","""Global warming isn't just affecting us, it's affecting animals too. stop G.W. This poster is 100% recyclable.""     This little girl equally broke my heart and inspired me today, as she clutched her teddy.  She deserves so much more.    #ClimateStrike #FridaysForFuturepic.twitter.com/IZTakDHe02","","","#ClimateStrike #FridaysForFuturepic","1175089080599756802","https://twitter.com/aileenos1990/status/1175089080599756802",""
"souldoubtmag","2019-09-19 23:06","2","10","Global Warming sees @RebelPhoenixxx team up with @wxxdsy to prove that “two is clearly superior to a lowly one.”     @CaileanCoffey examines the recent collaborative project.https://www.souldoubtmagazine.com/blog/2019/9/19/phoenix-and-woods-ignite-on-collaboration-project-global-warming …","","@RebelPhoenixxx @wxxdsy @CaileanCoffey","","1174806946224005120","https://twitter.com/souldoubtmag/status/1174806946224005120",""
"FouhyKdy93","2019-09-19 17:02","1","25","Powerful silage weather for late September @realDonaldTrump #GlobalWarming #PintBottleWeatherpic.twitter.com/nks2cD0mdj","","@realDonaldTrump","#GlobalWarming #PintBottleWeatherpic","1174715348664377344","https://twitter.com/FouhyKdy93/status/1174715348664377344",""
"mellowedface","2019-09-19 12:23","2","1","A good read before #GlobalClimateStrike tomorrow:    'Money is the oxygen on which the fire of global warming burns', (Via:@NewYorker @billmckibben).https://www.newyorker.com/news/daily-comment/money-is-the-oxygen-on-which-the-fire-of-global-warming-burns …","","@NewYorker @billmckibben","#GlobalClimateStrike","1174645214981578752","https://twitter.com/mellowedface/status/1174645214981578752",""
"ringbearer67","2019-09-19 08:05","0","0","It won’t look like that if global warming parches your precious pitches & you run out of water: let the students protest? #schoolstrike4climate","","","#schoolstrike4climate","1174580274119794690","https://twitter.com/ringbearer67/status/1174580274119794690",""
"D3ckster2008","2019-09-18 20:02","0","0","Make. Babies have home marriage all bullshit man.... The world has no idea whats going on except global warming we really understand that while watching ads for next iPhone on 60inch tvs.... The world's fading away an we keep making babies it's okay if u can sustain it urself 😂","","","","1174398311920480256","https://twitter.com/D3ckster2008/status/1174398311920480256","😂"
"Mishalready1","2019-09-18 12:33","0","1","So instead of the Area 51 Raid on the 20th,,,We’re having A Global warming Strike? SOUNDS LIKE A PLAN!!","","","","1174285195710779392","https://twitter.com/Mishalready1/status/1174285195710779392",""
"Kate_152","2019-09-18 11:32","0","2","this whole “global warming ain’t real” thing is a joke, it’s near the end of September and it’s 19 degrees!! something ain’t right!!","","","","1174270008094056449","https://twitter.com/Kate_152/status/1174270008094056449",""
"LiamJIrwin","2019-09-17 16:56","0","0","Yea,right😂.  And President Obama was born in Africa.  And FakeFactsTrump simply paid Stormy D a hefty sum because he’s charitable like that. And global warming is a left wing conspiracy imagined by the Dems who in truth are anti USA communists. FFS.","","","","1173989187504287745","https://twitter.com/LiamJIrwin/status/1173989187504287745","😂"
"priyank125","2019-09-17 06:33","0","0","You know you have been incredibly lucky to get out of Ireland without getting wet in 6 days or you know global warming is changing everything as we know it. #Dublin","","","#Dublin","1173832250712109057","https://twitter.com/priyank125/status/1173832250712109057",""
"_moyn_","2019-09-16 12:44","0","1","Yo mama so fat that her participation in hot girl summer was in the top 2 leading causes of global warming this year, and not 2 https://twitter.com/234cara/status/1173560570462789637 …","","","","1173563387290234880","https://twitter.com/_moyn_/status/1173563387290234880",""
"LiamJIrwin","2019-09-14 03:06","0","0","But maybe excessive bubble pollution would have exacerbated global warming.  [Nah, POTUS confirms that,  despite overwhelming scientific evidence, global warming is a myth - and POTUS Trump is always right].","","","","1172693183383396352","https://twitter.com/LiamJIrwin/status/1172693183383396352",""
"OConnellCBSD1","2019-09-11 10:11","2","0","Bee bomb production 🐝. #globalwarming #biodiversity #urbangardeningpic.twitter.com/Wz9n0oM8f6","","","#globalwarming #biodiversity #urbangardeningpic","1171712900202991616","https://twitter.com/OConnellCBSD1/status/1171712900202991616","🐝"
"john003","2019-09-08 12:05","0","0","According to NOAA not the the one with the Ark....Not linked to global warming......https://www.forbes.com/sites/rogerpielke/2019/09/04/when-is-climate-change-just-weather-what-hurricane-dorian-coverage-mixes-up-on-purpose/amp/?__twitter_impression=true …","","","","1170654363926376448","https://twitter.com/john003/status/1170654363926376448",""
"LTovander","2019-09-08 09:44","0","0","'Alarmism enforcement' on hurricanes and global warming https://judithcurry.com/2019/09/07/alarmism-enforcement-on-hurricanes-and-global-warming/ … via @curryja","","@curryja","","1170618903619354629","https://twitter.com/LTovander/status/1170618903619354629",""
"Based_Donuts","2019-09-08 02:43","0","0","Picture this scenario:    The year is 2052,  Robots have reduced the working population by half,    Land mass has been reduced by one quarter due to global warming    James Milner is still clocking 10km a game    And I have finally just entered my third year of college","","","","1170512916732403712","https://twitter.com/Based_Donuts/status/1170512916732403712",""
"timbcaycgi","2019-09-07 01:00","2","4","Things with more chance of success than Neale Fenn at @CorkCityFC  Knitted condoms  Brexit  Day trips to the moon  Prince Harry's marriage  Raf Cretaros next hair transplant  Longford winning the all Ireland  Steam powered cars  Reversing effects of global warming","","@CorkCityFC","","1170124534831362053","https://twitter.com/timbcaycgi/status/1170124534831362053",""
"NickCotter100","2019-09-05 00:42","0","1","Fossil fuels are the biggest contributor to Global warming.","","","","1169395361523408898","https://twitter.com/NickCotter100/status/1169395361523408898",""
"paulhayesman","2019-09-05 00:13","0","0","In my house I worry about the big stuff, brexit, global warming etc. I leave the little details like how we will survive, make money, eat, sleep and prosper to the little woman","","","","1169388077254680577","https://twitter.com/paulhayesman/status/1169388077254680577",""
"morettisteve","2019-09-03 21:41","8","13","""This paper should finally stop climate change deniers claiming that the recent observed coherent global warming is part of a natural climate cycle,"" said Prof Mark Maslin, from University College London, UK, who wasn't part of the studies. @GeraldKutneyhttps://www.bbc.com/news/amp/science-environment-49086783 …","","@GeraldKutneyhttps","","1168987328305672193","https://twitter.com/morettisteve/status/1168987328305672193",""
"whydafuk_","2019-09-02 11:37","0","0","No Offence but having oceans clear of plastic and stopping global warming would actually suck https://twitter.com/nureizzatyyy/status/1162001906828398593 …","","","","1168472897641439232","https://twitter.com/whydafuk_/status/1168472897641439232",""
"souldoubtmag","2019-08-30 18:59","0","6","Global Warming is inbound, as @RebelPhoenixxx shares first single ‘Sungazing’ featuring production by @wxxdsy.     More info; https://www.souldoubtmagazine.com/newsletter/2019/8/30/rebel-phoenix-shares-first-single-sungazing-from-global-warming …pic.twitter.com/PZX6L4wZ65","","@RebelPhoenixxx @wxxdsy","","1167497029167308807","https://twitter.com/souldoubtmag/status/1167497029167308807",""
"john003","2019-08-29 19:48","0","0","Global warming in Turkey and Japan...","","","","1167146999306739715","https://twitter.com/john003/status/1167146999306739715",""
"john003","2019-08-28 18:23","0","0","The famous hockey stick graph of global warming.......https://principia-scientific.org/breaking-news-dr-tim-ball-defeats-michael-manns-climate-lawsuit/ …","","","","1166763341496422407","https://twitter.com/john003/status/1166763341496422407",""
"john003","2019-08-28 18:20","0","0","Has anybody thought this through..For UK to go zero carbon by 2050 won't make any difference to global warming...... pic.twitter.com/tQj13NiPQ1","","","","1166762527155531777","https://twitter.com/john003/status/1166762527155531777",""
"AriffShihab","2019-08-26 12:36","1","3","We know the climate is in peril with this type of stupid ideas from the presidents of #USA and #Brazil!  One wants to nuke hurricanes and the other wants people to poop every other day! Both deny #GlobalWarming is a problem!    https://www.bbc.com/news/world-us-canada-49471093 …  https://www.newsweek.com/bolsonaro-environment-poop-less-1453698 …","","","#USA #Brazil #GlobalWarming","1165951171548385281","https://twitter.com/AriffShihab/status/1165951171548385281",""
"Squarzelfitz","2019-08-25 11:40","0","0","Don’t you know that, according to the UN, global warming killed us all in 1999?","","","","1165574716792483840","https://twitter.com/Squarzelfitz/status/1165574716792483840",""
"elliottucker","2019-08-25 11:21","0","5","Seems to be more massive dragonflies this year. Don’t ever remember seeing one as a kid but seen loads this year. Some bigger than helicopters. Is that a global warming thing?","","","","1165569820831703040","https://twitter.com/elliottucker/status/1165569820831703040",""
"Squarzelfitz","2019-08-25 09:16","0","0","Acid rain, killer bees, Y2K, SARS, AIDS, swine flu, bird flu, global warming","","","","1165538428408225792","https://twitter.com/Squarzelfitz/status/1165538428408225792",""
"yaa5i","2019-08-25 01:07","0","0","If everyone is worried about global warming, why don’t they just turn the sun down for abit.","","","","1165415394942885889","https://twitter.com/yaa5i/status/1165415394942885889",""
"BernardDanie8","2019-08-24 16:19","1","0","Did you notice the enormous size of airplane that Borris travelled to G7 in? And then he will probably talk about global warming and fires in Brazil???","","","","1165282597192261633","https://twitter.com/BernardDanie8/status/1165282597192261633",""
"souldoubtmag","2019-08-24 01:56","1","19","If this heat in @WorkmansDublin isn’t proof of Global Warming I don’t know what is.","","@WorkmansDublin","","1165065210815799297","https://twitter.com/souldoubtmag/status/1165065210815799297",""
"john003","2019-08-23 08:27","0","0","""Global warming and melting ice has made the Northeast Passage - more accessible"".......It is still closed all the year round...Same as when Captian Franklin tried to navigate it......On Russian side lots of ice.... pic.twitter.com/S7JBBhStzf","","","","1164801218398474240","https://twitter.com/john003/status/1164801218398474240",""
"aidenkenny","2019-08-22 14:19","0","0","Looks like global warming on the west coast too…","","","","1164527532810653697","https://twitter.com/aidenkenny/status/1164527532810653697",""
"john003","2019-08-22 13:05","0","1","Global warming back in September","","","","1164508778131312640","https://twitter.com/john003/status/1164508778131312640",""
"katzmo1995","2019-08-22 09:23","0","1","The irony of sharing images on how the world is dying on smartphones, another contributor to global warming. Ppls intentions are good but we’re so wrapped up in the damage","","","","1164452949357203458","https://twitter.com/katzmo1995/status/1164452949357203458",""
"AoifeTDoyle","2019-08-21 22:13","1","1","What does Trump want to do with Greenland anyway ?   Melt it ?   #GlobalWarming  #ClimateDenialhttps://twitter.com/JulieOwenMoylan/status/1164061720664580096 …","","","#GlobalWarming #ClimateDenialhttps","1164284413376716800","https://twitter.com/AoifeTDoyle/status/1164284413376716800",""
"thomasbrunkard","2019-08-20 18:47","0","0","Standby for a “let’s stop resisting global warming! Tea leaves need the balmy heat it will bring!”","","","","1163870118126006274","https://twitter.com/thomasbrunkard/status/1163870118126006274",""
"Noncombination","2019-08-19 16:36","0","1","We should get those people who dont believe in global warming and make them spend a week in Ireland  They wont be long changing thier minds","","","","1163474922116698114","https://twitter.com/Noncombination/status/1163474922116698114",""
"john003","2019-08-17 19:20","0","0","This has nothing to do with the RC church....What valid  scientific effect will not eating meat one day a week  have on global warming....Australia produces 1.3% of global CO2 emissions....","","","","1162791299994533888","https://twitter.com/john003/status/1162791299994533888",""
"inkwellHQ","2019-08-17 12:51","0","1","So so impressed that @SimonHarrisTD in midst of global warming, rise of fascism & Brexit, plus his own daunting portfolio, makes time for ord probs. Spent 5years banging on doors/going in circles 4 solution & finally might be there. The RELIEF!","","@SimonHarrisTD","","1162693318632968192","https://twitter.com/inkwellHQ/status/1162693318632968192",""
"ericnolanhere","2019-08-17 10:16","4","12","‘In my experience children are not wise. They can be clever, witty and very loving. They undoubtedly enhance our lives greatly, but they are not wise.’    New piece now up 👇.     #Greta #GretaThunburg #GlobalWarming #ClimateCrisishttps://www.ericnolanhere.com/greta-thunberg-the-voice-we-need/ …","","","#Greta #GretaThunburg #GlobalWarming #ClimateCrisishttps","1162654299459137539","https://twitter.com/ericnolanhere/status/1162654299459137539","👇"
"John_Pendlebury","2019-08-16 09:27","0","0","@JuliaHB1 exemplifying the wreckless, ignorant consumerism that is killing our planet. #climatechange #GlobalWarming https://twitter.com/JuliaHB1/status/1161707706790621184 …","","@JuliaHB1","#climatechange #GlobalWarming","1162279803979829248","https://twitter.com/John_Pendlebury/status/1162279803979829248",""
"modbod10","2019-08-15 18:57","0","0","Global warming caused by man made co2 emissions is a scam promoted by the UN.","","","","1162060640674025472","https://twitter.com/modbod10/status/1162060640674025472",""
"tahshish","2019-08-15 16:48","0","0","everyone happy for a warm summer now?    Scientists confirm July set new global heat record (from @AP)    #ClimateChangeIsReal #ClimateChange #GlobalWarming https://apnews.com/008f6cf2564c443e8743099a3010911d …","","@AP","#ClimateChangeIsReal #ClimateChange #GlobalWarming","1162028416717246464","https://twitter.com/tahshish/status/1162028416717246464",""
"robertrealistic","2019-08-15 12:45","0","0","Yeah this is the entire Irish Government for you. They are mocking the entire global warming ,carbon emissions reduction,  recycling so on so on .","","","","1161967201848614913","https://twitter.com/robertrealistic/status/1161967201848614913",""
"Dermopj","2019-08-15 10:52","0","1","Oh god global warming has trees growing in cold places ,you are funny as they get .","","","","1161938762038960128","https://twitter.com/Dermopj/status/1161938762038960128",""
"Knightsatire","2019-08-14 13:51","0","0","Yep!. Some lad wants to build on a floodplain & doesn't believe in global warming. I'm not sure who's fueling the idea that non- believers should be prosecuted but some views saying; prosecuted if putting others lives in danger... Where does this kind of thinking end though?","","","","1161621379965431813","https://twitter.com/Knightsatire/status/1161621379965431813",""
"Knightsatire","2019-08-14 10:49","0","4","In the pub never talk about politics, religion & 'the weather!'  Talk in UK of prosecuting global warming deniers!! WTF","","","","1161575440991031296","https://twitter.com/Knightsatire/status/1161575440991031296",""
"kilkeal","2019-08-13 23:03","1","1","Of course this won't create global warming at all https://twitter.com/Reuters/status/1161393238198095876 …","","","","1161397826473078785","https://twitter.com/kilkeal/status/1161397826473078785",""
"maerkelig","2019-08-12 23:05","1","0","From 2016: ""The decline of Arctic sea ice also has profound global climatic effects, or feedbacks, that are already intensifying #globalwarming and have the potential to destabilize the climate system."" four years later and the evidence is mounting ... http://bit.ly/2TqeUAW pic.twitter.com/xfFTy4DLjC","","","#globalwarming","1161035940896346119","https://twitter.com/maerkelig/status/1161035940896346119",""
"daviddinsmore12","2019-08-12 22:13","0","0","Hey, with global warming 😀","","","","1161022929179684864","https://twitter.com/daviddinsmore12/status/1161022929179684864","😀"
"righttobikeit","2019-08-10 12:53","0","1","Well feel free to highlight the problem of idiots who cycle for all the carnage/danger/death/injury/pollution/congestion/damage/global warming they cause. But I’ve never met someone who said they won’t walk because of the prevailance of dangerous cyclists","","","","1160157156341104642","https://twitter.com/righttobikeit/status/1160157156341104642",""
"RealLifeHypno","2019-08-10 12:25","0","1","When global warming is confirmed I might 😄","","","","1160150115467837441","https://twitter.com/RealLifeHypno/status/1160150115467837441","😄"
"PatMaher5","2019-08-09 22:54","0","0","Got 2b global warming.Traditionally people would be mackerel fishing gere at this point. https://twitter.com/liaonet/status/1159945058327699456 …","","","","1159946021247561728","https://twitter.com/PatMaher5/status/1159946021247561728",""
"philkearney","2019-08-09 08:52","1","5","Eating less meat and farming with fewer chemicals needed to curb global warming - UN report https://www.independent.ie/business/farming/forestry-enviro/environment/eating-less-meat-and-farming-with-fewer-chemicals-needed-to-curb-global-warming-un-report-38385893.html …","","","","1159734130189492224","https://twitter.com/philkearney/status/1159734130189492224",""
"kindazo","2019-08-09 00:32","0","9","i’d be concerned if you got any hotter there’s already enough global warming","","","","1159608341984894976","https://twitter.com/kindazo/status/1159608341984894976",""
"AnnaRimmington","2019-08-09 00:18","0","2","That makes me so scared about Global Warming","","","","1159604941331357698","https://twitter.com/AnnaRimmington/status/1159604941331357698",""
"CMacCoille","2019-08-07 21:23","4","13","The special interest group for businesses which want to sell as many high-polluting cars as possible, for as long as possible, until TDs are persuaded to act on the basis that the planet is in serious trouble.  Or as it prefers to be known, the ‘motor industry’. 🌍   #globalwarming","","","#globalwarming","1159198399910072320","https://twitter.com/CMacCoille/status/1159198399910072320","🌍"
"AnneOMahony","2019-08-06 08:16","4","10","Global warming and Somaliland’s ‘climate refugees’ https://www.irishtimes.com/news/world/africa/global-warming-and-somaliland-s-climate-refugees-1.3977695 …","","","","1158637971362471936","https://twitter.com/AnneOMahony/status/1158637971362471936",""
"john003","2019-08-04 16:47","0","1","Dont think this is global warming...Was built in 1831 of clay....Less maintenance in recent years also....","","","","1158041876957732864","https://twitter.com/john003/status/1158041876957732864",""
"HangBlaa","2019-08-03 15:22","0","2","That might be a useful to reducing global warming, Hugo...  😀😀😀","","","","1157658014754779137","https://twitter.com/HangBlaa/status/1157658014754779137","😀 😀 😀"
"littlesunWRAY","2019-08-02 19:16","0","11","And people still deny the existence of global warming😒 https://twitter.com/Laurie_Garrett/status/1157015875276464129 …","","","","1157354381538398213","https://twitter.com/littlesunWRAY/status/1157354381538398213","😒"
"Kristin60253509","2019-08-01 08:52","0","0","Harry foolishly biting the hand that feeds him! This will put a stop to the reckless overspend & fake interest in global warming.   https://www.express.co.uk/news/royal/1159862/meghan-markle-news-prince-harry-prince-charles-royal-split-royal-feud …","","","","1156834958532599808","https://twitter.com/Kristin60253509/status/1156834958532599808",""
"yascaoimhin","2019-08-01 08:42","0","0","Global Warming causes Climate Change.  they're two different things.    Little mind indeed.","","","","1156832544605855744","https://twitter.com/yascaoimhin/status/1156832544605855744",""
"haumea_cathy","2019-07-31 12:08","0","0","“We hope that more journalists, politicians, and intellectual leaders will follow suit. Until we call global warming a crisis, no one will listen | Irwin Redlener, Charlotte Jenkins and Caleb Redlener #culturedeclares @karenetillhttps://www.theguardian.com/commentisfree/2019/jul/31/climate-crisis-change-language?CMP=share_btn_tw …","","@karenetillhttps","#culturedeclares","1156522040641445889","https://twitter.com/haumea_cathy/status/1156522040641445889",""
"NEWTS4","2019-07-29 12:43","0","0","All the bluster from trump keeps the mob diverted from the real issue facing humanity i.e. Climate breakdown /global warming .  He walked away from Paris accord for his coal,oil,gas buddies !","","","","1155805956091068416","https://twitter.com/NEWTS4/status/1155805956091068416",""
"iPerrySimpson","2019-07-28 19:53","0","2","'No doubt left' about scientific consensus on global warming, say experts https://www.theguardian.com/science/2019/jul/24/scientific-consensus-on-humans-causing-global-warming-passes-99?CMP=share_btn_tw … we knew this 30 yrs ago #netzero #ClimateCrisis #globalwarmingisreal","","","#netzero #ClimateCrisis #globalwarmingisreal","1155551766399913984","https://twitter.com/iPerrySimpson/status/1155551766399913984",""
"vinnyc86","2019-07-28 18:27","0","0","Yeah great benefit of global warming love it #ClimateEmergency","","","#ClimateEmergency","1155530143261179904","https://twitter.com/vinnyc86/status/1155530143261179904",""
"LiamJIrwin","2019-07-27 20:49","0","11","But she does understand that it is not caused by global warming because ""that is a myth""!","","","","1155203479964659712","https://twitter.com/LiamJIrwin/status/1155203479964659712",""
"modbod10","2019-07-27 03:54","1","2","Poor Greta is being indoctrinated by the climate change lobby. She is on the autism spectrum and is obviously terrified that human life on earth is in imminent danger from global warming caused by Co2 emissions. The UN and the IPCC have been discredited IMO.","","","","1154948079432470529","https://twitter.com/modbod10/status/1154948079432470529",""
"lovelycans","2019-07-26 16:21","0","6","Hot girl summer is a euphemism for global warming","","","","1154773816775708672","https://twitter.com/lovelycans/status/1154773816775708672",""
"marnicol","2019-07-26 15:49","0","0","Wow, drama in #LeTour2019 - while everywhere else is scorching it’s snowing in the Alps! 😱 #stageabandoned #GlobalWarming","","","#LeTour2019 #stageabandoned #GlobalWarming","1154765672397844480","https://twitter.com/marnicol/status/1154765672397844480","😱"
"welllads","2019-07-25 22:58","0","4","This is actually terrifying. How can anybody read this and think that global warming isn’t real and isn’t happening to us right now https://twitter.com/spectatorindex/status/1154488281670668288 …","","","","1154511278477647872","https://twitter.com/welllads/status/1154511278477647872",""
"natlough","2019-07-25 22:07","0","0","When will the world wake up? #climatecrisis #globalwarming #climatechangehttps://twitter.com/TheGreenParty/status/1154349726256566272 …","","","#climatecrisis #globalwarming #climatechangehttps","1154498485535858699","https://twitter.com/natlough/status/1154498485535858699",""
"BrianFi71617322","2019-07-25 17:20","0","1","Very high and intense heat...Ireland escaped the very high temperatures today...Ireland remains in the mid 20s...The high record breaking temp hitting UK and Europe today  shows global warming is on the rise...  ☘️☘️","","","","1154426210736312320","https://twitter.com/BrianFi71617322/status/1154426210736312320","☘️ 🇮🇪"
"PhoTangoIrl","2019-07-25 15:01","0","0","@LeoVaradkar & Co. demonstrating the full extent of their solution to global warming & traffic in one swoop. The new @FineGael hoverbots float around without a care, running on bullshit & lies. Even better they are made from recycled electronic voting machines. #Ireland #NAFFOGpic.twitter.com/WOUQy7Rpm9","","@LeoVaradkar @FineGael","#Ireland #NAFFOGpic","1154391313174937600","https://twitter.com/PhoTangoIrl/status/1154391313174937600",""
"Hefferna12Chris","2019-07-25 11:31","0","0","Boris. Believe in England is good     We only survive in a group together with each other working in one director. In today. Global warming   We all need to get out Supplys close .  Not thousands of miles away   Open up your mind thoughts. see what best for all","","","","1154338447185854464","https://twitter.com/Hefferna12Chris/status/1154338447185854464",""
"StiofanNutty","2019-07-24 21:54","1","1","""This provides strong evidence that anthropogenic (human induced) global warming is not only unparalleled in terms of absolute temperatures but also unprecedented in spatial consistency within the context of the past 2,000 years."" #ClimateEmergencyhttps://www.bbc.com/news/science-environment-49086783 …","","","#ClimateEmergencyhttps","1154132720336982017","https://twitter.com/StiofanNutty/status/1154132720336982017",""
"eosfuturedesign","2019-07-24 14:50","0","0","When is it OK to consider solar geoengineering to counter global warming? | The Economist https://youtu.be/OGdz5gYqm-o  via @YouTube","","@YouTube","","1154026018086281218","https://twitter.com/eosfuturedesign/status/1154026018086281218",""
"HangBlaa","2019-07-22 21:37","0","0","@MondayMusicQuiz    THEME:  Global Warming/Climate Change    #MondayMusicQuiz","","@MondayMusicQuiz","#MondayMusicQuiz","1153403688586752001","https://twitter.com/HangBlaa/status/1153403688586752001",""
"john003","2019-07-22 12:59","0","2","A carbon tax will make zero difference to global warming or even global CO2 emissions.....It is very virtious however...","","","","1153273444353609728","https://twitter.com/john003/status/1153273444353609728",""
"Scargill55","2019-07-21 00:45","0","0","Global warming","","","","1152726187459993601","https://twitter.com/Scargill55/status/1152726187459993601",""
"kilkeal","2019-07-19 22:31","0","0","It is global warming but not as we know it https://twitter.com/NikolovScience/status/1152071115428073472 …","","","","1152330153030279170","https://twitter.com/kilkeal/status/1152330153030279170",""
"derrylugga","2019-07-19 18:54","0","0","Global warming...what global warming? https://twitter.com/derrylugga/status/1152275313084309506 …","","","","1152275601325273088","https://twitter.com/derrylugga/status/1152275601325273088",""
"LTovander","2019-07-19 10:51","0","1","Sustainability and Global Warming Give Birth to Renewable Energy https://www.americanthinker.com/articles/2019/07/sustainability_and_global_warming_give_birth_to_renewable_energy.html … via @AmericanThinker","","@AmericanThinker","","1152154045584482309","https://twitter.com/LTovander/status/1152154045584482309",""
"LTovander","2019-07-19 10:10","0","1","Sustainability and Global Warming Give Birth to Renewable Energy https://www.americanthinker.com/articles/2019/07/sustainability_and_global_warming_give_birth_to_renewable_energy.html … via @AmericanThinker","","@AmericanThinker","","1152143765450215424","https://twitter.com/LTovander/status/1152143765450215424",""
"LTovander","2019-07-18 09:57","0","2","Prince Charles once again changes his global warming doom deadline https://www.americanthinker.com/blog/2019/07/prince_charles_once_again_changes_his_global_warming_doom_deadline.html … via @AmericanThinker","","@AmericanThinker","","1151777897243447296","https://twitter.com/LTovander/status/1151777897243447296",""
"john003","2019-07-17 23:13","0","1","Ireland produce 60 million tons CO2 out of global figure of 37 billion tons CO2....This tax will make absolutely no difference to AGW.... global warming....","","","","1151615833141075969","https://twitter.com/john003/status/1151615833141075969",""
"bpk1990","2019-07-17 08:15","0","0","Stress and anxiety vs global warming. Who will win?!","","","","1151389945505951744","https://twitter.com/bpk1990/status/1151389945505951744",""
"thegarydoyle","2019-07-17 08:11","1","7","lmao at everyone using faceapp to see what they’ll look like when they’re older as if global warming isn’t gonna kill us all before then","","","","1151388995189968897","https://twitter.com/thegarydoyle/status/1151388995189968897",""
"rachelfogartyy","2019-07-16 16:14","0","1","okay global warming i’ve had enough now i can’t take the heat","","","","1151148171416014848","https://twitter.com/rachelfogartyy/status/1151148171416014848",""
"LiamLy","2019-07-14 19:39","1","3","Irish Times view: trees and global warming – yearning for the quick fix https://www.irishtimes.com/opinion/editorial/irish-times-view-trees-and-global-warming-yearning-for-the-quick-fix-1.3954796 …","","","","1150474833362374656","https://twitter.com/LiamLy/status/1150474833362374656",""
"NickCotter100","2019-07-14 15:47","1","1","Professor Myles Allen of Oxford University on the potential of farming to reduce global warming. Can be summarised thus: “It’s complicated.” “Single metrics are dangerous.” “Currently we are measuring the wrong thing.” “Farming is part of the solution.”     https://sustainablefoodtrust.org/articles/unravelling-the-science-of-agricultural-emissions/ …","","","","1150416606335590400","https://twitter.com/NickCotter100/status/1150416606335590400",""
"LiamJIrwin","2019-07-12 15:55","0","2","Look at average global temperatures for virtually every region on Earth and they have increased by worrying amounts. Global warming is about mean temperatures, not high and low extremes.  You need to understand the difference between weather and climate.","","","","1149693859041091585","https://twitter.com/LiamJIrwin/status/1149693859041091585",""
"harryni4ll85","2019-07-11 12:23","0","1","The world is up in a heap mate between global warming and civil wars but Lucci is fucking trending on twitter","","","","1149278135533391872","https://twitter.com/harryni4ll85/status/1149278135533391872",""
"PhotogKilkenny","2019-07-11 12:18","0","0","Is debatable as regards who has the closed mind as there's no scientific proof for carbon-created man made global warming, none whatsoever.","","","","1149276757549355014","https://twitter.com/PhotogKilkenny/status/1149276757549355014",""
"PhotogKilkenny","2019-07-11 12:13","0","0","Most scientists no longer profess belief in carbon-created climate change as a cause of man made global warming.","","","","1149275598663143424","https://twitter.com/PhotogKilkenny/status/1149275598663143424",""
"john003","2019-07-10 16:43","0","0","Europe has got a bit cold...Back to weather from the week of global warming in June.... pic.twitter.com/gL2t1Ufob6","","","","1148981162381066240","https://twitter.com/john003/status/1148981162381066240",""
"glykosymoritis","2019-07-09 06:57","0","0","The Internet is drowning - Rising seas imperil the delicate web of cables and power stations that control the internet. https://glykosymoritis.blogspot.com/2019/07/the-internet-is-drowning.html … #theWeb #GlobalWarming pic.twitter.com/QvuzfNBOIS","","","#theWeb #GlobalWarming","1148471278921293826","https://twitter.com/glykosymoritis/status/1148471278921293826",""
"GaryJk64","2019-07-09 00:19","0","0","I understand global warming and the facts . I jusr dont believe that cycling will save the planet. It will take a lot more than that. Making out, it is all because of cars is incorrect but it suits your own agenda. No problem with cyclists  except they want everything thie way","","","","1148370941996621824","https://twitter.com/GaryJk64/status/1148370941996621824",""
"glykosymoritis","2019-07-07 09:23","0","0","Massive forest restoration could greatly slow global warming -    The right trees, planted in the right locations, could store 205 gigatons of carbon dioxide https://glykosymoritis.blogspot.com/2019/07/massive-forest-restoration-could.html … #globalwarming #environment #forestationpic.twitter.com/PTomaMNdfc","","","#globalwarming #environment #forestationpic","1147783096651190273","https://twitter.com/glykosymoritis/status/1147783096651190273",""
"modbod10","2019-07-06 12:11","0","1","The truth about global warming. https://youtu.be/fA5sGtj7QKQ ","","","","1147463068399689730","https://twitter.com/modbod10/status/1147463068399689730",""
"CormacFarrell1","2019-07-06 10:45","0","0","@jasonomahony Hi, I read your article about climate change.. have you seen The Great Global warming swindle documentary? Some high up IPCC scientists claim that global warming isn't real and that the policymakers ran to the media with the wrong conclusions .. what do you think?","","@jasonomahony","","1147441524671729665","https://twitter.com/CormacFarrell1/status/1147441524671729665",""
"juniormccanno","2019-07-05 10:04","0","1","Keep global warming going for two more days please #weekend","","","#weekend","1147068615553900544","https://twitter.com/juniormccanno/status/1147068615553900544",""
"ryleekatherine9","2019-07-05 08:13","0","0","Juneau Alaska has been in the 80s for the past week... if that’s not global warming then idk what is. Thats so surprising to me. It’s hotter there than Reno some days","","","","1147040821620944896","https://twitter.com/ryleekatherine9/status/1147040821620944896",""
"betdaqsports","2019-07-04 20:03","0","0","Global warming in a nutshell https://twitter.com/thehill/status/1146851948337016832 …","","","","1146857196506009601","https://twitter.com/betdaqsports/status/1146857196506009601",""
"dixie1916","2019-07-04 16:17","0","0","Sheamus there are the same articles countering that argument, if these campaigners had their way cows could no longer shite,humans could no longer fart and we’d all have to walk or swim to wherever we were going to, again global warming has being happening since the Ice Age","","","","1146800102859780104","https://twitter.com/dixie1916/status/1146800102859780104",""
"garymeehan76","2019-07-02 20:06","0","0","How has that got anything to do with what i said i didnt say there wasn't any global warming my point was our records came back in the 1800s temperatures have risen especially in the last 35 years because of GW yet they are still standing to this day.","","","","1146132942093205504","https://twitter.com/garymeehan76/status/1146132942093205504",""
"brencooney","2019-07-02 14:28","2","3","From @morningireland  So while an #ev car may need slightly more #CO2 to build, over its lifetime it uses only 1/2, if not a small fraction of CO2. What is their not to understand?  #climatechange #GlobalWarming @Dept_CCAE @HousingPress @EPAClimateNews  https://www.facebook.com/135336371710/posts/10156293610821711?s=100003098843157&v=e&sfns=mo …","","@morningireland @Dept_CCAE @HousingPress @EPAClimateNews","#ev #CO2 #climatechange #GlobalWarming","1146047923786080256","https://twitter.com/brencooney/status/1146047923786080256",""
"THISISGERRY","2019-07-02 06:19","0","1","Sure...that's like claiming that because the majority of scientists believe that global warming/climate change is ""man made"" are therefore wrong. If PC means not calling brown skinned children derogatory names...I'm happy to ""conform""","","","","1145925035892326400","https://twitter.com/THISISGERRY/status/1145925035892326400",""
"john003","2019-07-01 19:09","0","0","Back to weather now...Bring back the global warming...","","","","1145756383759032320","https://twitter.com/john003/status/1145756383759032320",""
"SenorNewman","2019-06-29 20:10","0","5","Coming home from Ireland with a tan. Global warming is fuckin real.","","","","1145046780129808384","https://twitter.com/SenorNewman/status/1145046780129808384",""
"john003","2019-06-29 17:49","0","2","Speaking of the public interest...Can we have a cost benifit analysis of the Climate Action Plan...How much it will cost to implement by 2025 and 2030...Also the benefit to global warming how much will global temperature decrease or not rise by 2030...due to the Irish action plan","","","","1145011293142900737","https://twitter.com/john003/status/1145011293142900737",""
"john003","2019-06-29 13:18","0","0","One is weather the other is global warming","","","","1144943286752292866","https://twitter.com/john003/status/1144943286752292866",""
"Sean_Lynch92","2019-06-28 16:04","0","1","Global warming is out breaking records year on year.  We're all fucked 😂 https://twitter.com/guardian/status/1144619102453084162 …","","","","1144622538057760768","https://twitter.com/Sean_Lynch92/status/1144622538057760768","😂"
"ideasasylum","2019-06-26 19:57","0","0","That’d be the global warming he doesn’t believe in","","","","1143956586181877760","https://twitter.com/ideasasylum/status/1143956586181877760",""
"modbod10","2019-06-25 14:09","2","4","A number of expert scientific opinions recently stated that global warming is caused by the sun and not by CO2. Also, it seems that melting polar ice will not have any significant impact on sea levels. Plus, it seems that a period of global cooling is due to start circa 2025. .","","","","1143506593864146946","https://twitter.com/modbod10/status/1143506593864146946",""
"Delboysmate","2019-06-25 13:44","0","1","Its called Global Warming. Rains just as much in summer these days Lenny. Its all about the design of the WWTP on Mutton Island which cannot deal fast enough with the extra load. New plant on eastside of city not yet funded or even designed I think?","","","","1143500215888023552","https://twitter.com/Delboysmate/status/1143500215888023552",""
"john003","2019-06-24 15:50","0","1","Global warming only happening in continental Europe...UK is blocking it from us....Brexit again....","","","","1143169649602785291","https://twitter.com/john003/status/1143169649602785291",""
"brencooney","2019-06-23 06:34","0","1","Oh yea! Sorry friend, but if your going to #troll you need to up your game, a lot. Increased #CO2 = #GHG = #globalwarming = #ClimateChange = #ClimateCrisis","","","#troll #CO2 #GHG #globalwarming #ClimateChange #ClimateCrisis","1142667108809170944","https://twitter.com/brencooney/status/1142667108809170944",""
"olivergburke","2019-06-22 17:52","0","0","Global warming is supercharging some microbial cycles on a scale big enough to trigger damaging climate feedback loops.   https://insideclimatenews.org/news/18062019/climate-change-tipping-points-microbes-health-soil-oceans-viruses-bacteria?utm_source=InsideClimate+News&utm_campaign=1bbd459430-&utm_medium=email&utm_term=0_29c928ffb5-1bbd459430-327923581 … #ClimateChange #GlobalWarming #microbes #SoilHealth #soilpic.twitter.com/isSas6XQPE","","","#ClimateChange #GlobalWarming #microbes #SoilHealth #soilpic","1142475451144790017","https://twitter.com/olivergburke/status/1142475451144790017",""
"brencooney","2019-06-21 21:23","0","0","And then the Coup de grâce, as the land heats up especially the tundra, which is mainly peat, it starts to decompose by bacteria in it which eat the organic matter turning it into CO2. Whoops! #GHG #climatechange #GlobalWarming","","","#GHG #climatechange #GlobalWarming","1142166265777262593","https://twitter.com/brencooney/status/1142166265777262593",""
"brencooney","2019-06-21 21:17","0","0","This planet most certainly would be frozen over if we did not have some CO2 in the atmosphere. Any heat we would get during the day would radiate back out at night. Massive temp swings. However too much CO2 and too much heat is trapped and more accumulates each day #GlobalWarming","","","#GlobalWarming","1142164541003972609","https://twitter.com/brencooney/status/1142164541003972609",""
"brencooney","2019-06-21 20:19","0","0","You should, if you care about the #environment or is it Do as I say but not as I do? #ClimateChange #GlobalWarming #ClimateCrisis","","","#environment #ClimateChange #GlobalWarming #ClimateCrisis","1142150122069024769","https://twitter.com/brencooney/status/1142150122069024769",""
"john003","2019-06-20 23:13","0","2","#TonightVMTV UK has said they going to zero carbon by 2050 will reduce global temp by 0.0005C....How much will temp go down if we go to zero carbon by 2050....Good to have a target by how much we will reduce  global warming....","","","#TonightVMTV","1141831356034506753","https://twitter.com/john003/status/1141831356034506753",""
"john003","2019-06-20 12:14","0","0","No pointing of any fingers...Think the global warming is exaggerated climate breakdown won't happen in 2030...","","","","1141665570426884096","https://twitter.com/john003/status/1141665570426884096",""
"brencooney","2019-06-20 11:47","1","1","At #energyireland and Dermot Nolan of @ofgem indicated that #onshore #wind #energy is the cheapest #electricity about! #ClimateEmergency #climatechange #GlobalWarming @Dept_CCAE @SEAI_ie #renewableenergy","","@ofgem @Dept_CCAE @SEAI_ie","#energyireland #onshore #wind #energy #electricity #ClimateEmergency #climatechange #GlobalWarming #renewableenergy","1141658951248953345","https://twitter.com/brencooney/status/1141658951248953345",""
"finners_99","2019-06-19 13:20","0","1","Too low lying w/global warming would require significant flood defence investment, perhaps?","","","","1141319943100743682","https://twitter.com/finners_99/status/1141319943100743682",""
"djstaffs1","2019-06-19 06:36","0","0","Don't go using global warming as an excuse for that","","","","1141218294667644929","https://twitter.com/djstaffs1/status/1141218294667644929",""
"HenryDooley27","2019-06-18 15:55","0","1","I love Canada and am super happy about the Raptors winning but come on Drake we have global warming going on my man. https://twitter.com/DailyLoud/status/1140670513540468736 …","","","","1140996550513983489","https://twitter.com/HenryDooley27/status/1140996550513983489",""
"DavidMurphy1985","2019-06-18 13:02","0","0","So all the doom mongering was wrong and the solution was simple and provided by private companies without costing ordinary people money they can't spare? Maybe this could be applied now for global warming or climate change or whatever they're calling this tax scam nowadays","","","","1140953036665380864","https://twitter.com/DavidMurphy1985/status/1140953036665380864",""
"CMacCoille","2019-06-17 22:24","1","17","Say what you like about scientists and global warming and climate change and all that carry-on, doesn’t mean Danny Healy Rae is wrong.","","","","1140732092785004544","https://twitter.com/CMacCoille/status/1140732092785004544",""
"john003","2019-06-17 20:09","0","1","Don't think either the British or Irish plan will save the planet from global warming..UK produce 370 million  and Ireland 60 million tons of CO2 out of global  37 billion..Days are gone when Britian could send a few gun boats to China and India and tell them to stop burning coal","","","","1140698088220364801","https://twitter.com/john003/status/1140698088220364801",""
"john003","2019-06-17 18:08","0","2","Ireland produces 60 million of the global 37 billion CO2 emissions...If Leo became a Maoist with a little green book and everyone adopted Amish lifestyle.....Would make zero difference to global warming....","","","","1140667541267845120","https://twitter.com/john003/status/1140667541267845120",""
"PhoTangoIrl","2019-06-15 21:44","0","1","if the government are serious about global warming they better make @IrishRail provide a service Dublin to galway after 7.35pm. Yes you read that right.. Last train at 7.35pm @LeoVaradkar @ExtinctRebelsIE @greenparty_ie @irishexaminer","","@IrishRail @LeoVaradkar @ExtinctRebelsIE @greenparty_ie @irishexaminer","","1139997215244595201","https://twitter.com/PhoTangoIrl/status/1139997215244595201",""
"Stef_Fortig","2019-06-15 03:34","0","0","the fact that there's people in the world that don't care about global warming, littering, homelessness and extinction of animals is just sad and messed up","","","","1139722743069286400","https://twitter.com/Stef_Fortig/status/1139722743069286400",""
"5inarowCOYBIB","2019-06-15 01:45","0","0","If I don’t have enough to watch, I’m doing a lost rewatch   Because of our shite weather I’ve had more time arse to couch time than I expected   Thank You global warming","","","","1139695294554107904","https://twitter.com/5inarowCOYBIB/status/1139695294554107904",""
"KHemedy","2019-06-13 15:19","0","0","Listening to @WileyUpdates HEATWAVE reminiscing about the good old times before global warming 😭 https://twitter.com/JohnTambwe/status/1138894829549740032 …","","@WileyUpdates","","1139175366684286976","https://twitter.com/KHemedy/status/1139175366684286976","😭"
"Gilles_Bourdin","2019-06-13 08:12","0","1","You’re lying about global warming    About Europe    About the EU    Are you also lying about healthcare? People should get really worried now.","","","","1139068054585925633","https://twitter.com/Gilles_Bourdin/status/1139068054585925633",""
"DeclanBurke2","2019-06-12 22:05","0","11","Seriously considering filling the hot water bottles here. Where's this #GlobalWarming gone ? 🤔 @BrianRooney2 @LindaMitton2 @Scottish_Karen @tommyspannerman @mrbobdaly @finnmcool @larkin_shelagh","","@BrianRooney2 @LindaMitton2 @Scottish_Karen @tommyspannerman @mrbobdaly @finnmcool @larkin_shelagh","#GlobalWarming","1138915194321739776","https://twitter.com/DeclanBurke2/status/1138915194321739776","🤔"
"kilkeal","2019-06-09 20:26","0","0","Why destroy a good narrative of global warming https://twitter.com/maturefinancier/status/1137712645870673920 …","","","","1137803053023879170","https://twitter.com/kilkeal/status/1137803053023879170",""
"topgold","2019-06-08 07:40","0","0","Perhaps we should call it the Beach Tax instead of Water Tax. With global warming proven, Ireland will enjoy more beach weather than ever so why not pay more for the privilege?","","","","1137247939330543617","https://twitter.com/topgold/status/1137247939330543617",""
"RobertBohan","2019-06-07 22:01","0","0","That’s an RTÉ programme. As a problem that is is as big a challenge to our natural heritage, more apparent than global warming, I’m really disappointed you are not prepared on this. I suggest you & your colleagues read up on the Irish environment.","","","","1137102350471127042","https://twitter.com/RobertBohan/status/1137102350471127042",""
"discobanco","2019-06-07 17:01","0","0","Tick tock tick tock #ElectricVehicles #GlobalWarming","","","#ElectricVehicles #GlobalWarming","1137026927984877568","https://twitter.com/discobanco/status/1137026927984877568",""
"kilkeal","2019-06-06 12:28","0","0","See what happens with no global warming horrific","","","","1136595685036494850","https://twitter.com/kilkeal/status/1136595685036494850",""
"kilkeal","2019-06-06 12:09","0","0","Everyone knows it's global warming how do you make money otherwise https://twitter.com/NoTricksZone/status/1136553854953238530 …","","","","1136590863465951232","https://twitter.com/kilkeal/status/1136590863465951232",""
"walton_conor","2019-06-03 18:40","1","8","'The Best is Yet to Come'  oil on linen, 45 × 68cm, 2019    #thebestisyettocome #GlobalWarming #churchill #stpatrick #britain #ireland #flooding #artistsoftwitterpic.twitter.com/46RHb2r5Ac","","","#thebestisyettocome #GlobalWarming #churchill #stpatrick #britain #ireland #flooding #artistsoftwitterpic","1135602277484564480","https://twitter.com/walton_conor/status/1135602277484564480",""
"PiccoloartNancy","2019-06-02 17:12","0","0","Give up palm oil.  Palm oil results in genocide, human trafficking and global warming.","","","","1135217736920051713","https://twitter.com/PiccoloartNancy/status/1135217736920051713",""
"wheresgrandad","2019-05-31 23:00","1","13","Remember when Danny Healy Ray explained that god was responsible  for global warming #latelate #LateLateShowpic.twitter.com/Z0RxfmfjRq","","","#latelate #LateLateShowpic","1134580558435143680","https://twitter.com/wheresgrandad/status/1134580558435143680",""
"DavidMurphy1985","2019-05-30 14:58","0","0","Well shut up about global warming then. Its convenience or change. Pick 1","","","","1134096633908645890","https://twitter.com/DavidMurphy1985/status/1134096633908645890",""
"IRISHINSAFIAN","2019-05-28 03:36","11","45","The world’s forests, along with its oceans, absorb enormous amounts of the carbon dioxide that circulates in the atmosphere. They are, effectively, the Earth’s lungs, and protecting those lungs is crucial if we are to defend the planet’s biodiversity and fight global warming. pic.twitter.com/dVL7gpNCw7","","","","1133200325119234048","https://twitter.com/IRISHINSAFIAN/status/1133200325119234048",""
"manwithavandub","2019-05-26 20:56","0","0","#FineGael chasing votes instead of acting on #ClimateChange to a greater extent sooner. #GlobalWarming is hardly news to them. #GreenParty #GreenPartyIreland @ Ireland (country) https://www.instagram.com/p/Bx8DE-GCJzj/?igshid=1iz232o45n8f9 …","","@","#FineGael #ClimateChange #GlobalWarming #GreenParty #GreenPartyIreland","1132737175550930944","https://twitter.com/manwithavandub/status/1132737175550930944",""
"Marcoriain","2019-05-24 19:17","0","1","Have voted for the environment. Politicians in Ireland need to stop paying lip service to global warming. Give your kids a voice! pic.twitter.com/fbcBnKapmZ","","","","1131987636543983617","https://twitter.com/Marcoriain/status/1131987636543983617",""
"speediecelt","2019-05-24 00:05","2","15","Key issue inthe local & European elections are #ClimateChaos, #ClimateJustice & #GreenEconomy.Global Warming, Equality, Poverty, Jobs & Peace are interrelated. Since 2015,I've worked across Africa, Middle East & Europe & have seen the devastation being caused.We need action pic.twitter.com/T7LwDT6h3h","","","#ClimateChaos #ClimateJustice #GreenEconomy","1131697597805191169","https://twitter.com/speediecelt/status/1131697597805191169",""
"LTovander","2019-05-23 10:12","0","0","Brace Yourself: EU faces “Massive Flood Of Plastic Waste” After UN Export Restrictions - The Global Warming Policy Forum (GWPF) https://www.thegwpf.com/brace-yourself-eu-faces-massive-flood-of-plastic-waste-after-un-export-restrictions/ …","","","","1131487964654133249","https://twitter.com/LTovander/status/1131487964654133249",""
"w0tsertits","2019-05-21 16:31","0","1","Been sat outside for about ten minutes just and girls the amount of freckles am seeing already ooof long live global warming pic.twitter.com/VfczBGsCYZ","","","","1130858649465835521","https://twitter.com/w0tsertits/status/1130858649465835521",""
"AlanHarrison","2019-05-21 12:23","0","1","Waring factions united against global warming, but went back to waring once it all got sorted out.","","","","1130796266970124290","https://twitter.com/AlanHarrison/status/1130796266970124290",""
"i_Lilly0k","2019-05-20 17:57","1","1","Global warming expert warns Ireland is 'shrinking' due to climate change erosion https://www.irishmirror.ie/news/irish-news/global-warming-expert-warns-ireland-16169375?utm_source=twitter.com&utm_medium=social&utm_campaign=sharebar …","","","","1130517890808057861","https://twitter.com/i_Lilly0k/status/1130517890808057861",""
"cobyhectic","2019-05-19 21:37","0","1","Also thinks that global warming is a good thing. Blocks those that question him. Populist campaigner. Steer clear.","","","","1130210898633723904","https://twitter.com/cobyhectic/status/1130210898633723904",""
"WaterfordDN","2019-05-18 01:17","0","2","Great to see @GretaThunberg make cover of @TIME magazine. She has said how having #Asperger has contributed to her being the single-minded young woman she is & few voices today deserve to be heard more than hers. What a year she has had! @Strike4Youth #Environment #GlobalWarming https://twitter.com/stevesilberman/status/1129512445167525889 …","","@GretaThunberg @TIME @Strike4Youth","#Asperger #Environment #GlobalWarming","1129541430916145152","https://twitter.com/WaterfordDN/status/1129541430916145152",""
"walter_walper","2019-05-17 14:02","0","0","@BootsUK Shame on boots for those plastic prescription bags, tone you got some sense of civic responsibility. Until then people should get their prescriptions filled in pharmacies that do give a damn about the planet and global warming","","@BootsUK","","1129371501126443008","https://twitter.com/walter_walper/status/1129371501126443008",""
"ratcatcher2","2019-05-17 02:05","8","11","🇮🇪🇮🇪  Having had to use the #Russian Space Station for SO SO long, could it be the 'great' #USA doesn't know the Earth is NOT flat and GLOBAL WARMING is obvious to the Rest🇮🇪🇮🇪  #FixAmericaFirst  When half America is under water, will the Penny drop🇮🇪🇮🇪  Will it still be great🇮🇪https://twitter.com/kevskewl/status/1129167539303530499 …","","","#Russian #USA #FixAmericaFirst","1129191225574268929","https://twitter.com/ratcatcher2/status/1129191225574268929","🇮🇪 🇮🇪 ⁉️ 😁 ⁉️ 😁 ⁉️"
"Crowntheemilyyy","2019-05-15 21:58","0","3","Man to all the people that don’t care about global warming just watch a documentary about it and you’ll soon start to realise how scary it actually is","","","","1128766621764530177","https://twitter.com/Crowntheemilyyy/status/1128766621764530177",""
"dulsel14","2019-05-14 10:17","0","0","Trump has changed a lot of America's mind on global warming it could spill out not to put investment  into the creation of electric  vehicles","","","","1128227842364465152","https://twitter.com/dulsel14/status/1128227842364465152",""
"Squarzelfitz","2019-05-13 18:48","0","0","Global warming modeling is a 99.9% failure","","","","1127994116510498817","https://twitter.com/Squarzelfitz/status/1127994116510498817",""
"cionnai","2019-05-13 08:59","0","0","What’s the alternative ? We can’t go back to living in a cave and burning turf because of global warming. Don’t bother replying unless u show how we will generate electricity the era of fossil fuels is over","","","","1127845886078406656","https://twitter.com/cionnai/status/1127845886078406656",""
"nameiscow","2019-05-10 21:17","0","18","Ever see cunts putting up stuff about global warming and climate change fuck off you hippys","","","","1126944409751306240","https://twitter.com/nameiscow/status/1126944409751306240",""
"putabendejo","2019-05-10 10:49","0","39","Global warming work your magic and give us lethal weather for life","","","","1126786442636812289","https://twitter.com/putabendejo/status/1126786442636812289",""
"KeithCahill","2019-05-09 06:56","0","2","Next they might have a non white councilor too!! Oh my god!! Thankfully the earth is still flat, global warming is made up and the British empire spans half the world....... oh wait!!","","","","1126365313950527516","https://twitter.com/KeithCahill/status/1126365313950527516",""
"NoelDonnellon","2019-05-06 08:10","0","0","How global warming has made the rich richer   http://www.bbc.com/capital/story/20190502-how-global-warming-has-made-the-rich-richer?ocid=ww.social.link.twitter … via @BBC_Capital","","@BBC_Capital","","1125296764989452288","https://twitter.com/NoelDonnellon/status/1125296764989452288",""
"RoisinDubhComed","2019-05-04 20:10","0","0","""So cool he could well be the answer to global warming. Gloriously funny"" - The Scotsman    One of the most prolific and engaging stand-ups of our time, Tom Stade returns to #Galway tomorrow night at 8pm @roisindubhpub . Tix:: http://www.roisindubh.net  now.https://www.youtube.com/watch?v=Z2C5W0fCqbQ …","","@roisindubhpub","#Galway","1124753208117739520","https://twitter.com/RoisinDubhComed/status/1124753208117739520",""
"gengeishanova","2019-05-04 08:13","0","1","Global warming. Time for serious change in mindset of advocates for fossil fuels, cos Texas and other southern states will dessicate + farming will be unsustainable. Africa running out of water in parts. CA fires. USA wake up. CHINA AUS INDIA major polluters #ParisAgreement 2015!https://twitter.com/Justaranch/status/1124270990643662849 …","","","#ParisAgreement","1124572619888562176","https://twitter.com/gengeishanova/status/1124572619888562176",""
"Murandinho","2019-05-02 21:29","0","0","Please don't use that formula for global warming calculations!","","","","1124048355036995584","https://twitter.com/Murandinho/status/1124048355036995584",""
"RoisinDubhComed","2019-05-02 15:27","1","5","""So cool he could well be the answer to global warming"" - @TheScotsman     A frequent highlight at the @galwaycomedy Carnival, @TomStadeComic returns to #Galway this Sunday night at 8pm. Tickets on http://www.roisindubh.net  now.https://www.advertiser.ie/galway/article/107368/tom-stades-generational-conundrums?fbclid=IwAR12RKjUGbqkBHLK8FVxq632C75yakzQi39QwybAJeSYr9qArza7qlLmVbc …","","@TheScotsman @galwaycomedy @TomStadeComic","#Galway","1123957106389004288","https://twitter.com/RoisinDubhComed/status/1123957106389004288",""
"iamcuriousblue","2019-04-30 00:42","28","77","In the bad hot takes department, meat eating and resulting global warming is all the fault of, you guessed it, men. https://web.archive.org/web/20190413132036/https://www.independent.co.uk/voices/fragile-masculinity-mean-eaters-death-vegan-vegetarian-earth-a8855331.html … >","","","","1123009738478899201","https://twitter.com/iamcuriousblue/status/1123009738478899201",""
"boggywood","2019-04-29 18:03","0","0","@drivetimerte @boucherhayes  2/ either 'starving' to death   or a bear clinging to a fast melting ice flow .They were the poster bears for climate change / global warming .Not any more,   because it was all hysterical nonsense.Nat Geo had to do a big apology tour last year over","","@drivetimerte @boucherhayes","","1122909267558830080","https://twitter.com/boggywood/status/1122909267558830080",""
"reallyriann","2019-04-29 17:15","0","3","Like yes, individual actions (keep cups, recycling, diet) can help but you're kidding yourself if you think that individuals alone are  the biggest contributor to global warming","","","","1122897191272701955","https://twitter.com/reallyriann/status/1122897191272701955",""
"PhotogKilkenny","2019-04-29 14:48","0","2","Global Warming - The Hoax of the Twentieth Century - we should have moved along long ago if it weren't for all the media propagandists and amateurs sustaining the myth.","","","","1122860087201161217","https://twitter.com/PhotogKilkenny/status/1122860087201161217",""
"IrishBlue8","2019-04-29 10:21","0","1","I blame global warming","","","","1122792922099978240","https://twitter.com/IrishBlue8/status/1122792922099978240",""
"augeva","2019-04-27 17:03","0","2","I believe @GretaThunberg is a sign of a better future. Now the choice is between having the future on earth or somewhere else. It’s our only choice #globalwarming","","@GretaThunberg","#globalwarming","1122169454471856128","https://twitter.com/augeva/status/1122169454471856128",""
"RobertBohan","2019-04-26 19:47","0","1","There are electricity lines down already & April usually throws up rough weather in Ireland. (And before anyone says global warming, events like this have been recorded back to the 18th C in Ireland)","","","","1121848268806402049","https://twitter.com/RobertBohan/status/1121848268806402049",""
"Popsy45","2019-04-24 23:30","0","0","With a mum this hot no wonder Greta is blaming global warming (disclaimer, this is merely fun. I'll direct you to @toadmeister if you want to see how a real clown tackles Greta's brilliance.)https://twitter.com/tomhfh/status/1120993186124574720 …","","@toadmeister","","1121179578582667265","https://twitter.com/Popsy45/status/1121179578582667265",""
"PhoTangoIrl","2019-04-24 16:01","0","0","@stephenmckeeff your flier not a single word about global warming and the environment. Biggest issue of our time. Shameful #extinctionrebellionireland #ClimateBreakdown #meath #LE19 #fail","","@stephenmckeeff","#extinctionrebellionireland #ClimateBreakdown #meath #LE19 #fail","1121066738504933391","https://twitter.com/PhoTangoIrl/status/1121066738504933391",""
"0edipussy","2019-04-24 10:33","0","13","""I blame the parents"" for letting Greta Thunberg be a voice on global warming. This aul one needs help. https://twitter.com/_HelenDale/status/1120760958622806025 …","","","","1120984051257675776","https://twitter.com/0edipussy/status/1120984051257675776",""
"dotski_w","2019-04-23 20:48","0","1","Going after that EvilOldMan demographic Douglas? Just because you'll be long dead before global warming sees average UK temperatures above 20 degrees","","","","1120776406961741825","https://twitter.com/dotski_w/status/1120776406961741825",""
"Meg_Kearneyx","2019-04-23 12:58","0","9","The fact we literally have 12 years to change the world around to save the planet is so overwhelming, Global Warming is the last thing we should be worried about, all of us doing our part in helping change it bit by bit every day is the best we can do ♻️♻️","","","","1120658212204810240","https://twitter.com/Meg_Kearneyx/status/1120658212204810240","♻️ 🌍"
"PhotogKilkenny","2019-04-22 14:52","1","1","Global warming fanaticism could damage Irish Agriculture and Agri business and the economy itself. We must abolish carbon taxes as fraudulent - thus writes Michael McGrath, Editor of The Kilkenny Journal & candidate for election to Kilkenny County Council.  https://www.facebook.com/KilkennyJournal/posts/2128785383855457?__tn__=K-R-R …pic.twitter.com/mPESWqc11n","","","","1120324594353745920","https://twitter.com/PhotogKilkenny/status/1120324594353745920",""
"LTovander","2019-04-21 09:58","0","0","Cooling Down the Hysteria About Global Warming https://wattsupwiththat.com/2019/04/21/cooling-down-the-hysteria-about-global-warming/ … via @WattsUpWithThat","","@WattsUpWithThat","","1119888146735476737","https://twitter.com/LTovander/status/1119888146735476737",""
"mizzpennydreadf","2019-04-20 20:04","0","2","Wow, imagine if they gave a shit and could/would have donated that amount before to causes like homelessness or global warming?!","","","","1119678337788665856","https://twitter.com/mizzpennydreadf/status/1119678337788665856",""
"Iovehearts","2019-04-20 19:48","0","101","Summer’s here thanks to global warming x  #NewProfilePicpic.twitter.com/hQxb5VU9si","","","#NewProfilePicpic","1119674100811747328","https://twitter.com/Iovehearts/status/1119674100811747328",""
"olivergburke","2019-04-20 19:18","1","2","#Agroecological farming can help to keep #GlobalWarming below 2°C.   French think-tank IDDRI looks at how #climatemitigationstrategies often rely on intensifying #Food production, to increase yields to free up land for afforestation and bioenergy.   https://www.smallholder.co.uk/news/17583795.agroecological-farming-can-help-to-keep-global-warming-below-2c-says-new-report/?ref=twtrec …pic.twitter.com/ZRl7KkskGT","","","#Agroecological #GlobalWarming #climatemitigationstrategies #Food","1119666672279982087","https://twitter.com/olivergburke/status/1119666672279982087",""
"kippaxireland","2019-04-20 14:56","1","1","I'm frightened for the world's future  Millennialism is a bigger threat than global warming https://twitter.com/JJFromTheBronx/status/1118906330197176320 …","","","","1119600681382551552","https://twitter.com/kippaxireland/status/1119600681382551552",""
"LTovander","2019-04-20 10:03","0","0","The Stunning Statistical Fraud Behind The Global Warming Scare https://www.investors.com/politics/editorials/the-stunning-statistical-fraud-behind-the-global-warming-scare/ … via @IBDeditorials","","@IBDeditorials","","1119527096475373569","https://twitter.com/LTovander/status/1119527096475373569",""
"JackmanNeil","2019-04-20 08:06","2","7","Trump: doesn't matter  Brexit: doesn't matter  The chief focus of our politicians and media should be on the fact that we are knowingly destroying our environment    Our leaders are ignoring global warming to the point of criminal negligence. It's unforgivable https://www.theguardian.com/environment/2019/apr/20/our-leaders-are-ignoring-global-warming-to-the-point-of-criminal-negligence-its-unforgivable?CMP=share_btn_tw …","","","","1119497591811715073","https://twitter.com/JackmanNeil/status/1119497591811715073",""
"futbol__97","2019-04-17 18:40","0","0","Incredible people are still slagging off people warning about global warming","","","","1118569995267710976","https://twitter.com/futbol__97/status/1118569995267710976",""
"kv_ofarrell","2019-04-17 16:48","1","3","Prof Donal O'Shea ""obesity is global warming on an individual level"" #ActiveTravel #ClimateActionNow @Irishheart_ie @Cyclistie @IrishCancerSoc @Diabetes_ie @AssocHPIreland @IrishPedestrian @IrishDocsEnvpic.twitter.com/o8K7dDHhnE","","@Irishheart_ie @Cyclistie @IrishCancerSoc @Diabetes_ie @AssocHPIreland @IrishPedestrian @IrishDocsEnvpic","#ActiveTravel #ClimateActionNow","1118541801848229889","https://twitter.com/kv_ofarrell/status/1118541801848229889",""
"SirStevoTimothy","2019-04-17 16:44","7","68","Protesting global warming does work.  I once superglued Kathleen's face to the back of a bus and she was pure cold to me after that","","","","1118540745177272321","https://twitter.com/SirStevoTimothy/status/1118540745177272321",""
"john003","2019-04-16 18:18","0","0","The problem is the tempature  not the CO2..Thats why it's called global warming.....In the 4 years temp went down while CO2 went up....","","","","1118201928893304833","https://twitter.com/john003/status/1118201928893304833",""
"john003","2019-04-16 17:53","0","1","This is global warming since 1880.... pic.twitter.com/sqy2h5J0c5","","","","1118195756232585218","https://twitter.com/john003/status/1118195756232585218",""
"john003","2019-04-16 17:34","0","1","This is a graph of global warming or climate breakdown as the protesters call it since 1880... pic.twitter.com/bzAVDFupMw","","","","1118190977208991745","https://twitter.com/john003/status/1118190977208991745",""
"RoisinDubhComed","2019-04-14 22:08","1","5","“So cool he could well be the answer to global warming. Gloriously funny” - The Scotsman    As seen on Ch4’s Comedy Gala, BBC One’s Michael McIntyre’s Comedy Roadshow, The John Bishop Show and Live at the Apollo.     Tom Stade. May 5th. Róisín Dubh.    https://youtu.be/Z2C5W0fCqbQ ","","","","1117535206133653509","https://twitter.com/RoisinDubhComed/status/1117535206133653509",""
"Dermopj","2019-04-14 15:54","0","0","The numbskulled greens ,they would have us back to the ass and cart  oops the donkey farts would create massive global warming","","","","1117441092381749248","https://twitter.com/Dermopj/status/1117441092381749248",""
"BrianFortune1","2019-04-14 13:02","1","3","...and they say global warming isn't a thing! 😂😂😂#FacebookDown #Instagramdown","","","#FacebookDown #Instagramdown","1117397602402754561","https://twitter.com/BrianFortune1/status/1117397602402754561","😂 😂 😂"
"olivergburke","2019-04-14 11:45","2","0","Global warming could be fuelling the spread of drug resistant superbugs throughout Europe. #GlobalWarming #AMR #antimicrobialresistance  https://www.scotsman.com/news/global-warming-could-be-fuelling-the-spread-of-drug-resistant-superbugs-throughout-europe-1-4907119 …pic.twitter.com/6Z0QEQoNMj","","","#GlobalWarming #AMR #antimicrobialresistance","1117378445565202432","https://twitter.com/olivergburke/status/1117378445565202432",""
"Paddyaherne","2019-04-13 22:57","6","24","You’d have to blame global warming for this shit tomorrow. No longer can Donald Trump and Danny Healy Rae bury their heads in the sand when lads are playing 3 balls, 5 hours early on Masters Sunday","","","","1117185089480351744","https://twitter.com/Paddyaherne/status/1117185089480351744",""
"ColmGannon","2019-04-13 21:18","0","3","Could have done our bit to help the fight against global warming","","","","1117160051083546625","https://twitter.com/ColmGannon/status/1117160051083546625",""
"RamiJam","2019-04-13 13:25","0","4","Also special thanks to Global warming","","","","1117041199783849984","https://twitter.com/RamiJam/status/1117041199783849984",""
"patrickmscc2019","2019-04-12 19:34","0","1","🤣 gone to four wheels Mick!! The cross wind 🤣 on the Tallaght Bypass has increased! Probably Global Warming 🤣 Hope all well with the canvassing 🤣 Paddy","","","","1116771571572576262","https://twitter.com/patrickmscc2019/status/1116771571572576262","🤣 💨 😂 👍🏻"
"LTovander","2019-04-12 12:10","0","0","The Person who Set the Stage for Entire Deception of Human-Caused Global Warming (AGW) – Stephen Schneider. https://wattsupwiththat.com/2019/04/11/the-person-who-set-the-stage-for-entire-deception-of-human-caused-global-warming-agw-stephen-schneider/ … via @WattsUpWithThat","","@WattsUpWithThat","","1116659911532978177","https://twitter.com/LTovander/status/1116659911532978177",""
"TheScaldyVegan","2019-04-11 02:25","0","0","@lidl_ireland is the gift that just keeps on giving! Vegan ice lollies 🤤just in time for global warming 🤤🤤🤤 @ Enniscorthy https://www.instagram.com/p/BwGMNwxgo9g/?utm_source=ig_twitter_share&igshid=1lk9o5g8524my …","","@lidl_ireland @","","1116150233606565889","https://twitter.com/TheScaldyVegan/status/1116150233606565889","🤤 👏 💚 🌱"
"LTovander","2019-04-07 10:50","0","0","Garth Paltridge: Climate’s Uncertainty Principle - The Global Warming Policy Forum (GWPF) https://www.thegwpf.com/garth-paltridge-climates-uncertainty-principle/ …","","","","1114827877109911558","https://twitter.com/LTovander/status/1114827877109911558",""
"kevin_hartigan","2019-04-05 16:47","0","1","On the way home there listening to @TodayFM talking about eating less meat and going vegan 🙈🙈 nothing about all the planes flying around the sky adding to global warming.","","@TodayFM","","1114192911598485504","https://twitter.com/kevin_hartigan/status/1114192911598485504","🙈 🙄"
"LTovander","2019-04-05 09:35","0","0","Europe's Climate Policy: A Disaster In The Making - The Global Warming Policy Forum (GWPF) https://www.thegwpf.com/europes-climate-policy-a-disaster-in-the-making/ …","","","","1114084005744451587","https://twitter.com/LTovander/status/1114084005744451587",""
"FaroqB","2019-04-04 20:25","0","0","And some of yous don’t think global warming is real SMH","","","","1113885340375367681","https://twitter.com/FaroqB/status/1113885340375367681",""
"IRISHINSAFIAN","2019-03-30 14:43","9","29","Earth Hour is being commemorated all over the world including Pakistan to show support for strategies that will help solve the problem of global warming. Let’s join a million across the world by switching off the lights b/w 8:30PM and 9:30PM in recognition of #EarthHour.pic.twitter.com/prYloBpK7o","","","#EarthHour","1112002482509619203","https://twitter.com/IRISHINSAFIAN/status/1112002482509619203",""
"leejaearly98","2019-03-29 15:19","0","0","Global warming has gotten so bad this year but I can’t help but feel chuffed that I’ll be sitting in a field under rays of sunshine sipping on cans with all my mates in a months time","","","","1111649109692370945","https://twitter.com/leejaearly98/status/1111649109692370945",""
"killian20002","2019-03-29 12:30","0","31","Fuck global warming, how am I supposed to know whether to bring my fleece or not","","","","1111606646135050240","https://twitter.com/killian20002/status/1111606646135050240",""
"GrrlGhost","2019-03-28 21:34","0","29","I think the chicken just told Millie about global warming 🥺 pic.twitter.com/MseRRGI4AO","","","","1111381080521609216","https://twitter.com/GrrlGhost/status/1111381080521609216","🥺"
"boggywood","2019-03-28 14:03","2","2","It took them 40 years to get this scam right. There were a number of failures eg. the the new ice age ,the Ozone hole, acid rain, global warming etc etc - they eventually hit on the sweet spot - ""in the inconvenient truth"" - appeal to people's good intentions & hubris  - come up","","","","1111267682018607110","https://twitter.com/boggywood/status/1111267682018607110",""
"JonathanFearon1","2019-03-28 11:14","0","4","First day of the year that ive got sunburnt!! #GlobalWarming","","","#GlobalWarming","1111224917050179584","https://twitter.com/JonathanFearon1/status/1111224917050179584",""
"foodsecurity_IE","2019-03-27 08:31","0","4","Ah yes - James, a ""fictitious meteorological researcher"" disagrees. James says ""Most of the things that have led to Global Warming were caused by nature itself"". 🤔🤔 @FolensIreland @MetEireann @1Hildegardehttps://twitter.com/think_or_swim/status/1110454821469990913 …","","@FolensIreland @MetEireann @1Hildegardehttps","","1110821580186243072","https://twitter.com/foodsecurity_IE/status/1110821580186243072","🤔 😏"
"JohnnyH1857","2019-03-25 06:40","0","3","People using a single football match as some type of proof that international football is in rude health is the equivalent of people who use a cold day as proof there’s no Global Warming. https://twitter.com/kdkilbane77/status/1109931527121633282 …","","","","1110068891466772480","https://twitter.com/JohnnyH1857/status/1110068891466772480",""
"boggywood","2019-03-24 21:46","0","0","2/New ice age 1970s, acid rain & the hole in the ozone layer 1980s, global warming 1990 until the 2000s when it got embarrassing because there was no warming & the climate went on a pause or 'hiatus' for 17 yes - so then we got Climate change- which is in itself a nonsense becaus","","","","1109934523393941507","https://twitter.com/boggywood/status/1109934523393941507",""
"NYCDubliner","2019-03-24 17:35","0","2","Global warming. It's messing with the seasons.","","","","1109871362984894465","https://twitter.com/NYCDubliner/status/1109871362984894465",""
"Khayden2412","2019-03-22 19:40","2","3","Watching the pictures and hearing the stories from #Mozambique should shame us all in the developed world. They who have contributed least to #GlobalWarming and #ClimateChange are the ones paying the most, while those of us contributing the most are suffering the least. Pic: @CNNpic.twitter.com/vIdUrEAlof","","@CNNpic","#Mozambique #GlobalWarming #ClimateChange","1109177974799122433","https://twitter.com/Khayden2412/status/1109177974799122433",""
"DavinaDevine","2019-03-22 02:05","1","2","Good lord it’s a very troppy night tonight in Dublin!! #GlobalWarming pic.twitter.com/yZYs8GTCW4","","","#GlobalWarming","1108912487146184704","https://twitter.com/DavinaDevine/status/1108912487146184704",""
"john003","2019-03-20 20:47","0","0","No link with global warming pic.twitter.com/bqHpg1fqxB","","","","1108470033829761026","https://twitter.com/john003/status/1108470033829761026",""
"cosaingalway","2019-03-20 16:49","0","0","Carlos believes CO2 is merely ""plant food"" and that the air quality in naval submarines is highly relevant to the Physics of global warming. https://twitter.com/LpdlcRamirez/status/1108381439198941185 …","","","","1108410167350251520","https://twitter.com/cosaingalway/status/1108410167350251520",""
"LinusRII","2019-03-19 22:09","0","1","These hot takes are contributing immeasurably to global warming","","","","1108128277154152450","https://twitter.com/LinusRII/status/1108128277154152450",""
"kilkeal","2019-03-19 19:06","0","0","No doubt some scientists will say it's proof of global warming https://twitter.com/EcoSenseNow/status/1107823100194902016 …","","","","1108082316897906689","https://twitter.com/kilkeal/status/1108082316897906689",""
"TheKavOfficial","2019-03-19 12:30","0","5","Mine is out in the garden since me wedding day, accounting for 38% of global warming.","","","","1107982635391991808","https://twitter.com/TheKavOfficial/status/1107982635391991808",""
"eosfuturedesign","2019-03-17 16:30","0","1","This destruction is undeniable even for those who question global warming;- reason alone to change our entire way of being on the Earth. https://twitter.com/extinctsymbol/status/1107238923061862404 …","","","","1107318260956049409","https://twitter.com/eosfuturedesign/status/1107318260956049409",""
"GaryTraynor21","2019-03-16 21:28","2","3","Wow, tell us what you really think love!!!!!     #GlobalWarming #ClimateChange Rally in #Galway    🦆🦆🦆🦆🦆🦆🦆🦆🦆pic.twitter.com/TnZhfYcxmS","","","#GlobalWarming #ClimateChange #Galway","1107030803509362689","https://twitter.com/GaryTraynor21/status/1107030803509362689","🦆 🦆 🦆 🦆 🦆 🦆 🦆 🦆 🦆"
"cosaingalway","2019-03-16 14:51","0","0","Deniers never get tired of regurgitating this lie.    The term #ClimateChange was promoted and popularised by US Republican spin doctor @FrankLuntz, because #GlobalWarming did not poll well with science-phobic and truth-averse conservative voters. https://twitter.com/eliseulascado/status/1106926503705477122 …","","@FrankLuntz","#ClimateChange #GlobalWarming","1106931044643684360","https://twitter.com/cosaingalway/status/1106931044643684360",""
"dunnesta","2019-03-16 09:56","0","0","I don't disagree with you, my main point being that people are generally not empathetic as they should be and the average Joe is dumbed down. Could be a generation thing? Younger people do appear to be more empathetic? Global warming demonstrations yesterday comes to mind.","","","","1106856707177758721","https://twitter.com/dunnesta/status/1106856707177758721",""
"fattybumbum65","2019-03-15 20:37","0","0","12 years ago we were told that the Statue of Liberty would be under water in 2019 and polar bears would be extinct. None of the things have happened. Sure, there’s global warming just not happening as quickly as was predicted. Make kids aware, don’t scare the shit out of them.","","","","1106655668738686976","https://twitter.com/fattybumbum65/status/1106655668738686976",""
"greendotdesign","2019-03-15 10:39","0","0","We are very proud to support the #schoolstrikeforclimate protest today!!!   .  .    #climatechange #youngpeoplematter #youthmovement #globalwarming #thetimeisnow @ Little Green Dot https://www.instagram.com/p/BvBqKr1FacK/?utm_source=ig_twitter_share&igshid=iujczdx4whqj …","","@","#schoolstrikeforclimate #climatechange #youngpeoplematter #youthmovement #globalwarming #thetimeisnow","1106505195930955776","https://twitter.com/greendotdesign/status/1106505195930955776",""
"Noncombination","2019-03-14 21:24","0","1","I served an old farmer earlier   He spent the whole transaction  blaming brexit for Global warming","","","","1106305029575708672","https://twitter.com/Noncombination/status/1106305029575708672",""
"cosaingalway","2019-03-14 10:50","0","1","""Last year’s stark warnings from the Intergovernmental Panel on Climate Change @IPCC_CH, setting out the dramatic impacts of 1.5C of #GlobalWarming, did not include the impacts of potential tipping points such as melting #permafrost.""https://twitter.com/Irishwildlife/status/1106121274907070465 …","","@IPCC_CH","#GlobalWarming #permafrost","1106145633486995456","https://twitter.com/cosaingalway/status/1106145633486995456",""
"TreasaNealon","2019-03-13 22:53","0","0","Facebook and Instagram is down.  The UK is just a mess.  Let’s not talk even about the US.  Global warming is going to kill us.    I feel like we’re in the first book of a trilogy chronicling the apocalypse.","","","","1105965189961338885","https://twitter.com/TreasaNealon/status/1105965189961338885",""
"Lamhfada","2019-03-12 11:23","0","1","This portable all-in-one gaming desk is proof we deserve global warming https://www.pcgamer.com/this-portable-all-in-one-gaming-desk-is-proof-we-deserve-global-warming/ …","","","","1105429141992759296","https://twitter.com/Lamhfada/status/1105429141992759296",""
"trevkeane","2019-03-12 07:25","0","0","If you can help sponsors solve global warming, job done 😀. But to your point, that almost exactly what they want to do. Social conscience and tapping into that then within buyers/brand advocates.","","","","1105369086475882496","https://twitter.com/trevkeane/status/1105369086475882496","😀"
"john003","2019-03-11 11:35","0","0","What about CO2 and global warming","","","","1105069827931193344","https://twitter.com/john003/status/1105069827931193344",""
"RevDaveSyms","2019-03-11 02:52","0","0","It is disgusting the world we are leaving for our kids,global warming,loads of hate,animals and insects becoming extinct,crap healthcare,bad education,political correctness gone mad,no where they can afford to live our parents must be so proud they left us hope and opportunity","","","","1104938098289491975","https://twitter.com/RevDaveSyms/status/1104938098289491975",""
"elonjlerlow","2019-03-10 21:32","0","2","If there's a redundant political group of political parties, it's the middle-class Greens, who despite the disaster of global warming cannot conceptualise a way of stopping it. They're far too comfortable. System change, not climate change. Socialism, not capitalism.","","","","1104857541165617153","https://twitter.com/elonjlerlow/status/1104857541165617153",""
"sarah_oneill1","2019-03-10 14:52","0","0","Thanks for the snow global warming","","","","1104756856709398528","https://twitter.com/sarah_oneill1/status/1104756856709398528",""
"LTovander","2019-03-10 12:09","0","0","U.N. Predicts Disaster if Global Warming Not Checked - The Global Warming Policy Forum (GWPF) https://www.thegwpf.com/u-n-predicts-disaster-if-global-warming-not-checked/ …","","","","1104715809157533697","https://twitter.com/LTovander/status/1104715809157533697",""
"m2cabsy","2019-01-20 15:47","0","1","First of the year Wild Garlic....WTF it's January#nature#sundaywalk#cheflife#globalwarming @ Athlone, Ireland https://www.instagram.com/p/Bs3Ka9uhYJhESW7HW1_1l57hRFG3tcyLBHWhOM0/?utm_source=ig_twitter_share&igshid=jde194765zig …","","@","#nature #sundaywalk #cheflife #globalwarming","1087013814497878016","https://twitter.com/m2cabsy/status/1087013814497878016",""
"LynchEugene","2018-12-10 10:15","0","0","Daffodils for Christmas 😎#globalwarming @ County Cork https://www.instagram.com/p/BrM_50llZax1nzc_vDQNmLjJ7VEmJnSVoyKGH80/?utm_source=ig_twitter_share&igshid=1uql5i0mcup5q …","","@","#globalwarming","1072072327305809920","https://twitter.com/LynchEugene/status/1072072327305809920","😎"
"PlasticFreeKin","2018-10-09 10:23","2","6","💡What is it? 💡  A report by 91 authors from 40 countries and backed up by over 60000 references that assesses the impacts of global warming of 1.5oC and compares this to the impacts of 2oC… https://www.instagram.com/p/BotQpJBAAMZ/?utm_source=ig_twitter_share&igshid=1cfxhxthntm15 …","","","","1049591130583633920","https://twitter.com/PlasticFreeKin/status/1049591130583633920","💡 💡"
